,Precision@5,Precision@10,NDCG@5,NDCG@10
Keyword Baseline,0.21900000000000003,0.22950000000000004,0.29936417980235297,0.37694776926125173
Cosine Only,0.376,0.3155,0.6110983912279624,0.644575892567812
Proposed Model,0.39000000000000007,0.3175,0.6549989012884744,0.6652103661397024
